{
	"partitions" : [
		{
			"name" : "Top",
			"pins" : [
				{
					"name" : "LEDR[0]",
					"strict" : false
				},
				{
					"name" : "LEDR[1]",
					"strict" : false
				},
				{
					"name" : "ARDUINO_IO[1]",
					"strict" : false
				},
				{
					"name" : "GSENSOR_CS_N",
					"strict" : false
				},
				{
					"name" : "GSENSOR_SCLK",
					"strict" : false
				},
				{
					"name" : "GSENSOR_SDI",
					"strict" : false
				},
				{
					"name" : "GSENSOR_SDO",
					"strict" : false
				},
				{
					"name" : "KEY[0]",
					"strict" : false
				},
				{
					"name" : "ADC_CLK_10",
					"strict" : false
				},
				{
					"name" : "KEY[1]",
					"strict" : false
				},
				{
					"name" : "MAX10_CLK1_50",
					"strict" : false
				}
			]
		}
	]
}